actual_value,xgb_predicted_value
0.477,0.467044
0.458,1.014914
5.00001,4.142646
2.186,2.4585502
2.78,2.3086615
1.587,1.5845379
1.982,2.4727392
1.575,1.636317
3.4,3.1113951
4.466,4.3605585
1.232,0.9249044
2.539,2.0284035
2.151,1.5844268
2.205,1.7760818
2.198,2.2458417
1.362,1.6146405
1.784,2.175494
1.875,2.022187
1.398,1.603033
1.375,1.0702827
4.25,3.796908
4.056,3.5017958
1.388,1.1835215
5.00001,4.170916
1.621,1.5686982
0.514,0.365778
1.513,2.1886933
0.948,1.021557
2.041,1.4528903
3.615,3.8914812
0.851,1.2922761
1.384,1.4296869
1.375,2.1202464
4.65,4.02314
2.718,2.3528662
2.394,2.4461737
3.409,3.2801535
1.504,1.4926292
1.281,1.1402788
1.56,1.2723434
2.581,3.0459604
0.905,1.0608768
0.713,1.2132511
2.197,2.4144714
1.51,1.4499294
2.901,1.926955
1.42,1.325621
2.915,1.7901216
2.554,2.65467
0.981,1.073706
2.519,2.1031945
1.621,1.9009912
1.294,1.4153522
0.894,0.7649126
1.505,1.6204218
1.338,1.457234
0.804,0.83203095
2.111,2.3007054
2.556,2.287305
2.145,1.8364233
5.00001,3.571585
2.021,2.176398
0.815,1.0405991
0.988,1.0365225
2.819,3.0510209
1.846,1.7065386
2.547,1.5877348
1.431,1.5079567
1.625,1.7715956
1.426,1.5830532
0.859,1.1910698
1.869,2.153553
0.713,0.6609336
1.744,1.6214899
2.25,1.7969544
1.465,2.1116233
4.05,4.0987644
1.896,1.9988896
1.644,1.7406948
3.375,2.5531082
0.725,0.59701085
1.438,1.74552
1.6,1.6449951
1.181,1.6845876
3.74,3.8496907
2.027,2.3434508
0.966,1.037623
0.658,0.78910345
1.674,2.057919
1.798,1.9547756
0.967,1.3220538
2.661,2.6963856
0.911,0.8779138
0.498,0.35971078
0.907,1.049331
1.158,1.2618229
2.786,3.7319849
2.5,1.65719
0.85,1.7933835
1.77,1.7369205
0.997,1.5774864
3.576,4.395803
4.75,3.3712356
2.736,2.8036325
1.824,2.1515257
1.578,1.4597939
1.938,2.2004266
3.336,3.2167084
2.646,2.4303908
0.584,0.84791744
1.734,1.6339984
2.148,2.2629993
2.0,3.2514176
4.228,3.9463804
0.936,1.6584197
1.222,2.1350918
1.676,1.6763638
3.036,2.9662538
2.693,2.382538
2.644,2.0112488
1.91,1.5805575
1.538,2.101125
2.755,3.4697185
2.088,1.7961103
1.423,1.3321793
0.635,0.5680193
0.958,0.9074211
2.317,2.3762145
2.215,3.051096
0.895,1.6413108
2.26,3.1221056
5.00001,4.651226
2.702,2.9120684
0.596,0.8574962
1.933,2.0083451
1.336,1.2545671
1.619,2.221389
3.575,3.1529617
2.765,2.237359
4.107,3.1327932
3.75,2.3330402
1.352,1.2147197
1.672,1.6007596
2.52,2.208238
3.084,4.1448145
1.721,1.3524647
5.00001,4.2803984
1.938,1.8137496
1.052,0.85882694
0.908,1.1685724
1.688,1.9310603
1.621,1.1837933
1.612,1.8736628
1.375,1.4683788
2.893,3.0179174
2.787,2.9754882
1.617,2.357578
2.31,2.441314
0.875,1.1728317
0.957,1.0877911
2.406,2.0211496
2.141,2.1726553
4.286,4.046966
1.25,1.6654123
0.764,0.83656627
2.638,3.4284103
1.204,1.7523918
1.091,0.6950633
1.706,2.04771
2.574,2.3555386
3.2,3.3513644
2.896,2.8759248
3.073,2.9378955
3.255,3.220924
0.584,0.7223382
0.485,0.34134457
2.167,0.8623889
0.979,1.1555202
1.586,1.7608968
0.69,0.8339499
3.223,3.1080391
4.677,3.4867241
1.63,1.705414
2.871,2.6434736
0.546,0.2726606
0.904,1.2603574
1.555,1.5841527
1.75,2.2955842
4.112,4.2012315
3.321,2.6971014
1.412,1.4227059
2.471,2.4623477
1.53,1.3985957
1.55,1.8937632
3.908,1.3891194
0.9,0.7447367
1.967,2.0147
0.682,0.9476186
5.00001,5.0815535
0.921,1.2419473
2.979,2.737061
5.00001,4.789152
3.323,3.243916
1.711,2.0861409
1.521,1.8976203
2.32,2.1313207
1.271,1.3959445
0.875,0.9007757
2.034,1.7766986
2.286,1.7544745
1.167,1.2865591
4.167,4.6448946
2.276,2.1409433
2.679,3.2226512
0.972,0.9839567
1.375,1.4402215
1.988,1.7004237
0.686,0.31124178
3.525,2.8971004
1.038,1.2761786
1.078,1.0550101
1.317,1.4855798
2.713,3.524522
0.973,1.6780083
0.95,0.9256316
0.675,1.5186056
3.261,2.5620725
0.656,0.8829361
2.256,1.9464368
2.638,2.790567
3.483,3.1316326
3.25,2.6746252
1.088,1.7273635
4.0,3.8896723
1.384,1.0859368
0.61,0.6821888
4.531,4.9197574
5.00001,5.2621555
1.202,1.5446736
3.292,2.498317
1.963,2.6139247
1.5,1.2382004
1.52,1.8244306
1.699,1.3707893
1.375,1.8995731
2.83,2.5950677
4.045,2.6871605
1.935,2.430873
2.051,2.748037
1.456,1.4688503
2.25,1.0539829
2.159,2.3233755
1.585,1.7566332
1.247,1.445064
0.654,0.5659996
2.802,2.4487898
1.805,1.4743463
1.054,1.2821449
1.0,1.3339059
1.663,1.4944142
1.58,2.1054966
2.438,2.7639213
3.629,3.7955308
2.019,1.8475391
0.526,0.84101236
5.00001,4.01409
1.12,1.2694024
2.25,2.0697129
4.399,4.1283984
0.883,1.4017059
5.00001,5.089126
2.768,1.7621354
1.792,1.7555112
1.997,1.8710217
1.32,1.0806347
0.613,1.5333217
1.719,2.0271826
1.238,1.3437582
1.353,1.069998
1.371,1.7675682
1.293,1.785913
2.279,2.7088103
0.944,1.1146873
1.035,1.2707208
3.208,2.833959
1.25,3.5290756
3.324,3.1868334
1.591,1.4222054
2.369,2.8863738
4.616,4.5384364
1.569,1.7034572
1.482,1.2689706
1.665,1.4339669
1.969,2.0658062
1.678,1.7282845
1.267,0.7475115
5.00001,3.3282049
0.579,0.5271899
2.38,2.2799304
1.42,1.7234817
0.869,0.8576496
0.56,0.90306544
5.00001,5.118721
1.124,1.1986871
0.636,1.0642773
4.313,4.663319
2.659,2.1439865
0.58,0.86220217
1.941,2.9003031
1.428,1.6066562
1.787,1.6538805
1.875,2.2775643
2.25,2.7815368
3.13,2.7006865
5.00001,5.4349866
1.536,1.483298
0.623,0.75561875
1.945,1.9631125
1.639,1.6415191
3.988,3.6215472
2.041,2.5288053
1.993,2.3141367
1.767,1.8152014
5.00001,5.0672455
2.489,2.0731928
1.5,1.4752548
2.317,1.9639758
0.58,0.8625549
1.26,1.2675923
1.633,1.3235403
1.134,1.4409333
3.0,2.0535748
3.109,3.5135565
2.188,2.0148253
0.704,0.87063813
2.377,2.6051147
1.188,1.122165
0.731,0.63202584
0.75,1.2799245
4.507,4.2066765
2.402,2.3233707
0.658,0.6704011
0.647,0.36734593
1.751,2.120524
2.237,2.1408808
0.963,1.2149888
4.051,3.9832625
3.768,3.1741297
5.00001,5.248576
3.5,2.4460986
1.625,2.106954
1.773,1.9367746
0.984,1.2629085
1.388,0.9186323
1.75,2.3464546
2.609,1.7789583
1.047,0.8396335
1.595,2.2584126
2.959,2.9023607
1.375,2.8108454
5.00001,4.1213436
2.27,2.2019606
2.639,1.8742522
1.604,1.4270633
1.42,1.7829176
1.625,1.6423084
2.304,2.0014668
5.00001,4.4711227
2.177,2.6903968
1.83,2.2479687
2.458,1.8926104
1.292,1.4684498
0.604,0.8145884
0.675,0.76916754
2.952,3.063014
1.926,2.1289907
1.506,1.7447172
1.257,1.4853873
0.634,0.86453515
1.513,1.7028679
2.456,3.3020945
5.00001,4.4395466
1.655,1.7803618
1.135,1.3064314
3.222,3.0062115
3.625,3.977173
0.696,0.6835969
1.561,1.5323997
0.875,1.1231804
1.931,2.527107
2.18,2.1220818
1.018,1.0134113
1.291,1.5818801
1.563,0.86857474
1.832,1.6167011
1.481,1.3472655
5.00001,4.990923
2.221,3.380697
1.676,2.017291
1.845,1.9649681
3.7,4.2681375
2.394,2.4852362
1.667,1.5646459
2.333,1.9004132
2.4,2.4306452
0.913,0.7812387
4.835,4.700588
1.505,1.8477064
0.995,1.3765295
2.402,2.0314355
0.955,1.3330909
5.00001,5.2616186
2.516,2.2877965
1.208,1.1322454
1.357,1.3011985
2.254,2.3402965
5.00001,3.9623473
0.851,0.8067123
5.00001,3.9904249
1.648,1.4841647
1.116,1.2983109
1.61,1.4131294
2.137,2.0228841
1.165,1.1561213
3.5,3.5053725
1.599,2.2019444
4.383,2.9110203
1.711,1.880095
2.711,2.9080706
5.00001,2.6811795
0.68,1.0401635
1.917,2.2304318
2.559,2.6764038
1.125,1.550972
1.822,1.6498739
3.476,3.1137593
3.32,2.9608662
1.109,1.2968982
2.119,2.1823137
2.625,2.5767343
2.379,2.2787223
0.9,1.3280076
4.272,3.7032132
3.705,3.6293206
1.163,1.054654
1.708,1.6242635
2.855,3.4839096
1.115,1.7495664
0.832,1.1838058
2.482,2.7044542
3.955,3.510143
2.183,2.1161942
5.00001,4.4246755
0.889,0.9597141
1.81,1.6034368
2.809,3.5686803
3.453,2.8941429
1.81,1.9594876
1.922,2.2505412
0.781,0.702912
0.75,1.1950457
4.333,4.2585835
1.601,1.66888
1.092,1.1251652
0.962,1.3351516
1.914,1.3587794
3.6,2.392501
1.856,2.1322432
1.188,0.93674314
1.227,1.1117103
2.063,1.8780812
1.956,1.6227181
0.756,1.0461823
1.043,1.1458384
3.859,3.689511
1.139,1.2234426
0.794,1.1783282
0.813,0.88871646
1.292,2.0781968
0.735,1.0169916
1.759,1.6388476
1.424,1.7382658
2.341,2.0683463
2.867,2.9648442
0.925,1.1979495
1.701,1.6088842
1.618,1.8039429
2.253,2.549341
1.706,1.7352172
3.194,2.9896863
0.958,0.9312676
0.734,0.6882205
0.936,1.2999922
0.517,0.4882085
3.587,3.5006518
0.647,0.68249905
3.442,3.0905037
3.14,3.3185852
1.857,2.6026983
2.793,2.4279978
1.194,2.079309
2.804,2.8231406
1.871,2.0703318
0.838,0.74531245
3.093,2.3447857
2.292,2.6451206
2.45,2.1803167
2.276,3.0521193
5.00001,4.3523607
3.208,2.4120042
1.473,1.3505093
1.623,1.8515651
2.659,3.2123375
5.00001,4.6036315
1.891,1.8747964
3.164,3.3354542
1.819,1.7941469
2.615,2.6652467
0.69,0.6542271
1.813,1.7562706
2.93,3.1430824
1.111,1.4317374
2.183,2.6816695
1.472,1.5111603
2.438,1.4942646
2.23,2.2414198
1.375,1.5838388
0.606,0.66872656
2.75,1.0258716
3.5,2.4961562
1.712,1.6828114
0.835,1.3346945
2.25,3.290434
1.656,1.7301437
1.52,1.7492815
1.92,2.1363614
2.542,2.711028
1.5,0.85665464
2.125,2.433206
0.804,0.78873485
2.065,2.3475792
3.311,3.7683241
2.014,2.587096
1.884,1.9789795
1.954,2.5645046
4.425,4.170632
1.527,2.0194857
5.00001,5.241903
2.398,2.857667
1.594,1.1736829
0.918,1.1577868
2.409,2.597358
1.364,1.3197494
1.036,1.007409
1.325,1.3675758
2.929,2.642078
0.628,1.2207899
1.121,1.2253647
0.891,0.7980559
1.207,1.3185682
4.714,4.076795
3.147,3.4071484
2.264,2.4154816
4.097,2.6856318
1.49,1.0775906
1.717,3.0281646
2.355,3.044481
3.228,3.0069742
2.445,2.5303602
1.622,1.8819457
3.409,3.5919154
0.574,0.40156782
1.989,2.123388
1.097,1.5693027
1.375,1.493013
0.857,1.009177
0.983,0.8847356
1.782,1.6405796
1.375,2.2223768
2.75,2.8435247
3.815,3.0045109
5.00001,4.9713855
5.00001,4.92507
1.792,1.6844211
2.045,1.8646787
3.941,3.8850603
1.844,1.8705618
1.74,1.4548324
0.807,1.124804
1.896,1.9165342
0.6,0.60157746
1.266,1.3330659
2.625,2.4437077
1.392,1.5996628
0.513,0.3578109
2.292,2.7130349
1.011,1.5753449
0.977,0.88257915
1.583,1.5295907
3.491,3.815438
0.855,1.5518895
2.141,2.4865117
2.271,2.5177617
1.557,1.3317349
0.668,0.8676056
2.073,2.1737063
2.228,1.9091244
3.545,3.4087512
3.405,3.492251
0.529,0.47692728
1.406,1.8274012
1.508,1.7747526
0.561,0.64089876
2.596,2.6960502
3.189,3.048063
1.484,2.3860989
2.899,2.3694108
1.618,2.9540641
2.55,1.998756
0.875,1.4206569
2.45,3.00614
3.05,2.741661
2.15,3.1007094
2.49,2.5997887
5.00001,5.4151006
3.2,2.404637
1.74,2.024939
2.925,2.439689
5.00001,5.00248
2.899,3.2705252
4.384,3.612168
1.82,1.9921167
1.705,2.0955725
0.692,0.85621464
0.956,1.1027695
2.728,3.1699188
0.813,2.2904985
2.724,2.601478
1.526,1.2113029
0.559,0.8536747
2.135,1.850695
3.313,1.7375692
2.018,1.9007642
0.571,0.59370756
3.318,3.5286431
3.659,2.242822
1.275,1.0557921
1.118,1.0426624
3.537,2.8548377
2.293,2.522083
0.875,1.0670396
2.375,2.4020886
1.133,0.9243847
1.125,1.0101188
1.385,1.2596574
3.074,3.3324182
1.009,1.3775016
0.978,0.92632705
1.767,1.8473243
2.18,2.277525
2.906,2.3688178
1.577,1.7670794
3.48,3.8727345
0.672,0.7473417
2.604,2.13661
1.236,1.7022051
0.675,0.57271993
1.307,1.223518
0.66,0.79036766
1.666,1.7905946
2.256,2.0281715
2.571,2.1248987
5.00001,4.217154
1.139,1.3552247
0.91,1.3634015
2.174,2.0820785
0.96,0.99015987
1.292,1.323153
3.502,3.3465855
4.421,4.4297447
2.229,1.3263831
0.813,0.86679614
1.606,1.5991203
5.00001,3.626228
3.412,3.6550963
2.879,2.96992
3.447,4.1696296
1.8,1.8638568
1.678,2.323948
0.55,0.80509734
0.508,0.39702812
1.426,2.1017473
2.358,1.9915482
1.127,1.2579992
2.102,2.2006578
2.107,1.1250218
0.654,0.64247483
1.625,1.8666222
1.503,2.1422539
5.00001,4.475195
1.014,1.3297172
2.218,2.5729237
2.603,2.0987427
1.788,1.820782
1.704,1.5719914
3.194,3.9426637
1.906,1.6262236
1.841,1.96007
1.911,1.9196868
1.496,2.2659974
5.00001,3.8630085
1.834,1.8396937
4.441,3.824013
2.427,2.6102488
0.762,0.84264374
1.329,1.4696695
4.098,2.6505935
1.125,0.81179184
3.766,3.2776515
0.505,0.99526525
5.00001,4.210506
2.095,1.8796191
0.778,0.9147729
2.997,3.1045132
3.75,2.1616695
1.565,1.2194623
2.4,2.7019458
0.772,0.8792575
0.985,1.0595295
5.00001,3.33838
1.104,1.9610202
0.864,1.4100467
2.304,1.9817485
1.639,2.1054177
5.00001,4.6182337
0.495,0.75966436
1.074,1.4478631
3.625,1.6019763
1.45,1.4605532
2.185,2.399774
1.301,1.5950842
1.46,1.602339
1.525,1.0960249
4.572,4.5899725
1.652,1.7813101
3.947,3.6149693
1.444,1.4533781
1.366,1.0998106
2.164,2.5277286
1.39,1.2579589
1.038,1.0121093
4.885,3.8837314
2.271,2.8285875
2.38,2.4309657
2.156,3.3318534
2.923,3.4430056
1.459,1.6080303
1.873,2.1029856
1.854,1.4372563
2.8,2.1879756
1.411,1.2514273
1.909,1.9549617
2.625,1.2925203
4.42,4.1788144
2.748,2.93852
0.855,0.96069103
2.318,2.5596511
3.02,3.2047057
2.358,2.9758286
0.722,1.1034267
1.824,1.7381105
5.00001,4.4942427
0.787,0.7580341
1.813,2.1153111
1.98,2.1142187
1.996,1.9765838
0.633,1.1247232
0.94,1.333183
1.868,1.8129714
1.17,1.3602309
1.178,1.3284075
1.21,1.5971429
2.309,2.5596468
4.273,4.3318987
1.281,1.364132
3.847,2.750197
2.904,2.8614786
0.913,1.3660989
0.619,0.7901599
2.322,2.470822
1.296,1.3478353
1.275,1.1176649
1.505,1.7437513
1.875,1.4581176
4.379,4.3418922
1.265,2.105405
4.534,4.7078757
2.294,2.2258284
3.649,3.370387
1.919,2.2315948
0.875,1.5041907
0.3,0.97944194
3.357,3.013336
2.421,2.202116
1.737,2.1075587
0.541,0.35588473
2.078,1.9960271
1.125,0.6895635
1.667,1.8249944
2.718,2.6320589
1.411,1.6154368
3.75,1.4267633
1.616,1.441338
1.594,2.370667
0.863,1.0911291
2.563,2.2270324
2.132,2.0828915
2.541,2.4145665
1.326,1.4448806
1.693,1.8384501
3.477,3.9549203
1.597,1.6792349
0.909,1.8803383
2.905,2.7157013
1.899,2.4585888
4.956,5.0220404
3.333,3.9633553
1.838,1.8182958
1.89,1.6837709
1.575,1.350973
0.666,0.5270398
1.324,1.557753
1.56,1.8250841
3.481,2.8912578
2.264,2.7174916
0.742,1.1374606
1.583,2.0711374
5.00001,5.107888
1.655,1.8892035
3.295,2.720728
1.396,1.6655465
1.529,1.4516397
3.673,3.0482876
0.7,1.0038797
0.974,1.3428382
0.659,0.8825992
0.493,0.3020458
1.541,1.5850464
2.728,2.0663142
2.471,2.9726443
2.688,2.0663028
2.476,2.0838397
4.168,3.486712
1.216,1.178539
1.717,1.6116315
1.738,2.478441
2.356,3.1742368
2.601,2.5658991
2.0,2.0422628
2.966,2.4682207
3.746,1.922623
1.778,2.0585506
2.695,3.1362655
0.62,1.1055748
1.976,1.835663
0.527,0.67997295
1.914,1.8309151
3.177,3.2177281
3.294,2.5196505
3.307,4.0812216
1.874,2.3237514
2.865,2.1716037
5.00001,2.076292
1.339,1.7128308
1.998,2.2197337
0.45,0.7288333
3.546,3.3868935
2.638,3.068748
2.784,2.101453
1.604,1.4588493
2.413,2.6587543
2.083,1.8439677
2.636,2.8446276
1.45,1.6808443
1.325,1.4653958
1.838,1.9383597
0.811,0.9948681
1.765,1.80659
2.555,2.2037542
1.661,2.0326538
1.02,1.5149405
0.861,1.0939665
1.006,0.99236375
5.0,3.768421
2.099,2.545704
0.525,0.78291047
2.629,2.1304152
1.588,1.408919
2.095,1.7989227
3.5,2.135033
2.171,2.2116642
1.414,1.5811312
0.934,1.0116861
1.982,1.5937905
1.872,1.5529195
1.853,1.6428343
5.00001,4.3981943
2.813,2.1064029
1.036,1.2739185
2.879,3.1331851
2.083,1.959698
1.75,2.827945
1.327,1.2173913
1.72,1.495134
5.00001,4.422225
0.64,0.5684869
2.279,2.1790946
0.631,0.4890612
0.841,0.851668
3.392,2.8453982
1.563,0.8708863
3.836,3.4069006
1.371,1.4241663
0.568,0.6218019
0.7,0.7813776
0.963,0.82091224
0.926,1.6520255
3.591,3.4321694
1.587,1.8390207
5.00001,4.297944
1.146,1.7964859
4.102,3.7000167
2.819,1.9122814
1.017,0.92438436
1.693,1.8424039
2.078,2.4012587
3.272,3.2188003
2.779,2.4742095
1.114,1.1532563
0.806,1.151832
2.075,2.8207593
2.753,2.3536878
4.21,3.527337
1.288,1.5463382
3.139,2.973164
0.676,0.900568
0.644,0.8371253
1.539,1.7406623
1.307,1.3233751
2.385,3.1433344
3.796,3.8988461
1.465,2.3401723
1.503,2.0148387
0.803,1.344576
2.933,0.93351614
2.88,2.9839354
1.441,1.8347112
1.27,1.3517998
1.521,1.868011
1.568,1.2281307
1.049,1.2315953
5.00001,5.2336636
1.344,1.5065334
5.00001,5.0335555
2.728,3.2395868
1.516,0.8188121
3.626,2.8914835
1.692,2.0722477
1.404,1.78708
0.437,0.46178728
1.36,2.0666072
2.644,2.830861
1.522,1.9347074
1.375,2.3124053
2.147,1.6078976
1.709,2.1161797
2.362,2.3501465
2.978,2.63545
0.885,1.0992613
1.276,1.0924443
0.802,0.8497224
3.06,2.9770975
4.364,2.2869377
2.389,2.0797417
2.317,3.168978
1.229,1.3255594
2.182,2.4591756
3.97,4.43522
2.603,1.6109388
4.357,3.5265107
1.64,1.8276005
4.405,3.3779507
0.854,1.2375482
1.019,1.1000682
1.594,2.3467963
1.903,2.6751432
1.0,0.8628964
1.396,1.5886824
5.00001,5.22052
1.545,2.5042746
1.705,1.8918447
1.106,0.89514244
1.912,2.6783438
2.872,3.8907194
1.501,1.480393
2.383,2.3485456
1.542,1.6711943
2.805,2.204987
1.619,1.8316039
2.656,3.093504
1.227,1.3678067
2.312,2.4142668
3.191,2.8632917
2.313,2.1748211
5.00001,4.803277
1.212,1.3339964
2.225,2.2624469
4.5,2.8105037
1.021,1.1935308
2.012,2.0897555
1.042,1.0438243
5.00001,5.2629437
1.32,1.2444645
2.211,2.2385314
1.516,1.4635034
1.469,1.3432786
1.512,1.6187301
1.651,1.819545
2.136,2.7489934
2.135,2.3400435
5.00001,4.1243896
4.38,3.7345855
1.838,2.0042887
3.5,3.1177313
1.593,1.495342
1.291,1.2430784
0.766,0.653049
2.25,1.7951272
2.308,2.1149058
4.318,4.158726
1.91,2.934674
0.847,1.105661
1.525,1.6550984
0.676,0.6104216
1.982,2.0088415
3.063,1.8631431
1.221,1.5553887
2.761,1.9083974
1.03,1.0639172
4.091,2.7170696
1.352,1.5622874
1.216,1.5436779
1.828,1.6157104
2.28,2.2209473
1.1,0.8467577
1.112,1.1113843
0.847,0.715884
4.473,4.3345675
0.883,0.7229353
0.871,0.973966
1.875,1.8769095
1.469,1.6248252
1.031,1.2577955
3.437,3.7040722
0.982,1.3130802
2.625,1.6794418
0.774,0.89305705
1.351,1.4412249
1.347,1.4090075
2.313,1.8945857
1.586,1.4914087
1.016,0.82898784
1.22,1.304723
3.8,3.8737786
1.894,1.7055676
4.4,3.2485886
0.7,0.8943436
0.7,0.6785945
3.335,3.3281608
1.018,1.1759547
5.00001,4.9867268
3.605,3.5771105
1.695,1.9935994
2.056,1.6229519
1.663,1.6958562
0.325,0.91389054
3.627,3.0636237
1.745,1.357861
1.976,1.9966509
1.83,2.3301969
1.583,1.654612
1.002,1.3470904
0.875,1.4480255
4.611,3.4131017
1.902,2.8647268
2.323,1.905757
2.216,2.7121623
2.269,2.835515
2.242,2.3764021
1.198,1.6080564
0.782,0.81915814
1.651,1.2643045
2.139,3.3867908
0.697,0.9294236
1.058,1.4702148
0.75,1.522603
0.917,1.2103629
2.695,2.7705154
0.682,0.7260256
1.658,1.8603843
1.546,1.7465878
4.727,4.24406
3.459,3.8652623
2.307,2.4787195
3.0,2.2332187
2.494,1.932876
4.357,3.7039568
2.258,2.4147828
1.75,1.511316
1.784,1.238062
2.76,2.0751302
1.159,0.8533856
2.143,1.7118875
1.183,0.91362363
5.00001,2.9828844
1.521,1.9178045
1.404,1.5651642
2.226,2.0282073
4.445,3.219606
5.0,4.2432294
1.633,1.2751983
1.938,2.5477843
0.905,1.1696882
1.152,1.2424781
1.47,1.3960465
2.739,2.5886185
1.909,1.8697977
0.748,0.7578279
5.00001,2.8316145
1.185,1.559978
5.00001,1.2439194
0.55,1.824451
0.584,0.76105076
0.958,1.2719086
0.992,1.5111603
1.674,2.1871226
0.705,0.7465354
0.675,0.76528376
0.757,0.90404606
1.83,1.8126011
5.00001,5.138286
0.973,0.97660315
2.3,2.7443671
0.829,1.1137782
0.522,0.6625303
1.148,1.4751712
0.88,0.94955903
2.242,2.143405
1.5,1.4649172
3.417,2.769038
1.817,2.2561224
1.406,1.9262308
0.727,0.8086517
2.109,2.2923377
0.977,0.9872991
1.097,1.3114595
1.656,2.0448265
2.306,1.9227651
1.638,1.8021917
0.958,0.722595
0.481,0.6129936
0.444,0.45438427
2.379,2.4863806
2.848,3.826086
1.648,1.4631662
2.0,1.5503618
0.778,1.0984182
1.86,1.9674832
1.697,1.4405137
4.188,2.156923
0.733,0.9691841
0.87,0.8652756
1.682,2.0415895
1.543,1.6103901
2.25,3.5394857
3.33,3.0811417
2.259,2.3996205
1.381,1.4001243
1.127,1.0404902
2.316,2.5821326
4.191,2.7193048
2.211,2.0982726
1.554,1.9933579
1.517,1.4642664
2.489,2.7157714
1.532,1.1432371
1.265,1.3017905
2.4,2.9071496
1.861,1.8968883
5.00001,4.508742
1.816,1.8426509
1.781,2.5082095
0.692,0.7984182
0.668,0.6013164
5.00001,5.189717
1.813,2.7057652
3.964,4.06487
1.875,1.9359046
2.979,2.8670576
3.454,4.105124
2.451,2.1044571
1.055,1.2246212
1.011,0.78684145
1.417,2.5735743
4.309,3.5180821
2.863,2.374732
1.13,0.7557454
4.667,4.082335
1.686,1.6042981
3.605,3.3134627
2.564,2.8058317
1.139,1.528154
3.504,4.080536
2.091,2.1684382
1.315,2.2011945
2.167,2.5874841
1.013,0.8557067
2.028,2.3031757
1.176,1.7048162
2.926,2.5757823
5.00001,5.2202644
1.303,1.2391748
0.924,0.7260256
1.125,1.4848311
1.542,1.2513222
1.04,0.73014164
1.216,1.9375699
2.063,2.1424396
1.083,1.4721845
3.494,3.46676
0.833,0.74311393
2.458,2.7199557
0.915,1.8115157
5.00001,5.0959377
5.00001,3.2102437
1.905,1.7139816
1.083,1.2762612
0.896,1.2179757
5.00001,4.9053655
0.946,1.3044306
0.675,3.0553863
1.775,2.2439685
2.613,2.7085526
5.00001,2.6167047
1.684,1.810683
2.453,2.4873762
2.4,2.9059544
1.565,1.1322043
5.00001,2.9617538
2.356,2.661242
1.856,1.8093679
3.167,1.8251445
1.188,1.0209024
2.485,2.5373063
2.365,2.6416876
0.946,0.90795296
1.768,1.609193
1.486,1.8037969
1.953,1.9862232
2.159,2.00355
1.266,1.818357
1.739,1.8867239
1.83,2.4181743
0.743,1.2497094
2.247,1.9162762
1.016,0.9477687
3.91,3.317308
2.65,1.8287728
5.00001,4.6093426
1.865,2.086699
0.78,0.9554696
0.808,1.0838933
1.896,2.3656814
1.992,2.7839494
1.896,1.9094274
1.6,1.670463
3.753,3.7921526
1.667,1.3157457
2.156,2.238823
2.286,2.0789876
1.713,1.490965
4.31,4.12813
2.751,2.3631382
2.768,3.2102268
0.463,0.44172144
1.44,1.4435537
0.943,0.87459886
1.576,1.1932633
1.945,2.205606
3.511,2.6340175
4.534,3.3218093
2.246,2.046136
1.556,1.7365217
2.42,3.8648221
0.7,1.1645123
0.713,0.89824665
0.668,1.1535306
1.531,3.0781207
1.375,1.6655228
2.304,2.4374871
2.422,2.5303602
3.019,2.329883
4.158,3.146431
1.565,1.8116045
0.786,0.83600545
4.414,3.8658617
1.843,1.8181725
2.765,3.3389678
2.328,1.830594
0.604,1.1030664
2.241,2.3980408
4.39,3.3351111
1.231,0.8883374
2.557,3.0409071
0.576,0.7827173
1.998,2.2266717
0.513,0.41047207
3.482,3.8294654
3.628,3.702169
2.403,2.4790227
0.736,0.63779044
1.726,1.6073861
2.29,2.7418587
1.663,1.8386515
0.833,1.3095406
5.00001,5.15478
3.329,2.944223
0.543,0.6389055
2.417,2.7557907
3.875,3.7444012
1.364,2.2429676
0.983,2.1424618
1.76,2.2540672
0.63,0.774714
2.369,2.079461
0.972,1.6657959
2.2,2.6324956
1.058,1.2733696
2.709,2.6980596
0.994,1.1372527
1.663,1.6039677
1.438,1.6799083
1.406,1.3471911
3.309,3.2626379
1.569,2.2898407
5.00001,4.1044
1.625,1.7584884
1.248,1.3699611
2.161,1.7141994
1.714,1.9206132
3.256,3.0908854
1.098,1.2007635
2.762,2.627914
1.299,1.3997716
2.923,2.7110279
3.415,3.4619806
0.668,0.6918869
2.388,1.9255224
0.774,0.9414587
0.824,0.943387
3.599,3.7171335
4.657,4.3887763
2.14,2.2250814
1.071,1.2071538
1.578,1.7353595
1.193,1.5735798
2.329,2.5000777
1.795,2.0258412
0.701,0.6874748
0.55,1.515158
0.659,0.51851916
0.996,0.9831274
5.00001,4.605277
1.641,1.9846964
0.77,1.1975865
1.403,1.4791722
1.729,1.6477413
5.00001,3.2347174
3.143,2.256398
5.00001,3.9531507
5.00001,5.079632
1.43,1.5751724
2.806,2.7264745
3.75,3.2015018
1.375,1.6832714
3.371,3.1365669
1.28,1.7090265
1.854,1.9348209
0.63,0.8472365
1.095,1.6201346
4.0,1.9933559
1.519,2.952804
0.563,0.7177161
1.025,0.94509447
2.25,3.2904837
1.455,1.9324766
3.631,2.7417119
2.49,2.0085716
4.153,3.5628338
2.674,2.1719873
0.75,1.0587356
2.5,2.51345
1.618,1.3744668
0.975,0.91578966
1.115,1.2153698
0.873,1.0324804
2.729,3.3318095
1.244,1.0457394
2.287,3.4329169
2.295,2.2492247
1.625,1.6956954
0.8,1.4466636
1.188,1.365465
2.442,3.16534
1.875,1.691588
2.46,2.2170208
1.026,1.1753179
1.167,1.0272508
1.375,1.4837515
1.719,2.952515
1.031,1.2782649
2.391,2.2958572
1.94,2.301898
2.199,2.1270387
3.8,4.443925
1.557,1.628413
0.899,0.82839996
0.893,1.704027
0.55,0.76637065
0.498,0.4373213
1.464,1.5423065
2.78,2.893037
2.887,3.5748754
1.292,1.6300865
2.216,2.3469634
0.856,1.5911285
1.604,1.4563282
0.576,0.9137499
3.485,3.1652112
1.994,2.6599476
0.971,1.260193
0.581,0.76454026
3.01,3.0695126
0.742,1.1682768
2.494,3.1861968
2.67,2.6038277
1.199,1.2713819
0.777,0.5392158
1.434,1.361616
0.612,0.6640053
2.068,1.8377709
3.282,2.6640651
3.606,3.3620431
1.078,1.2900321
0.515,0.3845034
0.675,1.0664905
1.841,1.6163274
2.0,1.9410181
3.54,2.2954228
3.938,3.0231516
1.321,1.4104811
3.065,2.801566
1.349,1.1852944
3.193,3.7665408
3.039,3.0352287
3.5,1.4042163
2.312,2.5688968
1.313,1.3931417
1.208,1.3582482
1.352,1.0626585
0.689,0.97565365
4.25,2.4222362
1.605,1.6598737
1.51,1.7195702
3.495,4.578097
0.602,0.5877127
3.964,3.373064
2.785,3.5472856
2.393,1.7216576
2.249,2.427772
0.913,1.2036798
1.114,1.2972445
1.508,1.1938225
0.647,0.52846056
3.588,3.063356
2.328,1.8798487
0.544,0.5536249
0.982,0.95144516
2.258,2.0923586
1.161,1.5954928
1.964,2.3920958
1.232,0.75758135
1.564,2.5522482
1.668,1.7000495
2.159,2.0471056
1.173,1.3089719
2.432,1.7823195
0.729,1.0055071
1.917,2.036824
0.6,1.9261007
1.954,1.959517
1.116,1.6979162
2.685,2.4253151
2.6,2.6889536
0.894,1.0809608
2.352,3.521036
3.861,3.1191638
1.875,1.5625539
2.234,2.4394155
1.203,1.5690484
1.358,1.3316822
3.074,2.8724332
3.268,2.0889273
0.703,1.0600773
0.682,0.8199327
1.146,1.189319
1.772,2.2931342
0.819,0.98691773
0.906,1.3879651
0.568,0.68796843
3.238,3.0152295
2.444,1.54394
1.443,1.5830146
1.642,1.5709358
2.376,2.584071
2.43,2.260696
0.833,0.77452046
0.875,0.9241281
1.317,1.6770177
0.47,0.6820014
1.953,1.7302741
1.841,2.1630318
1.288,1.1455973
1.182,0.99019223
2.128,1.8143982
1.413,1.1342498
2.271,2.0785556
0.808,1.8612419
2.013,1.9047946
1.833,2.0885944
1.55,1.7146614
1.438,1.8382694
1.375,3.0110955
2.801,2.2158542
2.459,2.4505663
2.436,2.2908735
1.03,1.467763
1.038,1.084464
2.359,2.1573994
1.619,1.9630673
3.944,3.808804
1.458,0.8564999
1.848,1.8316929
2.423,2.3038106
3.355,2.278734
1.655,1.2720978
2.048,3.3638332
1.597,1.5111351
1.691,1.6498178
4.786,2.507051
2.589,2.6159103
3.24,2.97395
1.031,1.0714585
1.381,1.8545716
0.916,1.173655
2.289,3.0370371
1.388,1.3508257
2.522,2.493979
4.203,4.4287977
2.436,2.4882228
1.421,1.5666459
0.675,0.5167366
0.928,1.1431217
1.908,2.8647938
2.239,1.9966881
1.434,1.7198263
1.327,0.9624515
0.99,0.9610865
0.677,0.75776255
2.274,2.7613018
2.286,2.4824762
1.358,1.3319952
3.621,3.5218616
2.813,3.458847
5.00001,5.304249
0.906,1.3589154
0.663,1.073063
1.502,1.3135458
1.703,1.580229
0.993,0.72774994
3.229,4.073623
2.132,1.270557
2.17,2.3275266
2.679,1.6785629
2.063,2.1965542
3.768,3.0688467
0.875,0.97233415
3.047,2.7541234
4.602,3.3416586
1.285,1.087954
2.846,3.5818481
1.196,1.441215
2.086,2.0184264
1.175,2.5234559
0.669,0.6828482
2.048,1.6576848
0.746,1.1142782
1.091,1.2120119
1.143,1.6527439
3.083,2.967105
1.13,1.0965238
0.917,0.5064244
1.342,1.3273792
4.25,3.25403
0.539,0.64820534
3.106,2.3189952
2.417,3.5518737
2.268,2.2650933
1.008,1.2565165
2.38,2.2189949
2.455,2.346339
1.565,1.8463504
1.156,1.4021358
0.664,0.44545293
0.588,0.7377711
2.236,1.8739837
1.693,1.815807
1.667,1.3223668
2.25,2.4008937
0.726,0.83277535
1.603,1.5730463
1.475,1.3401656
0.912,2.0553885
2.083,1.0091692
3.353,3.0451796
0.58,0.85156256
2.265,1.9078333
3.452,3.8641663
1.068,1.0560607
5.00001,1.8112278
2.75,3.2577069
0.958,1.1977234
0.972,1.549235
1.55,1.2595187
4.0,3.6091552
5.00001,2.9464993
3.043,2.6662714
3.592,3.7142088
1.447,1.5351672
3.528,3.2705846
3.556,3.02673
0.991,1.308656
2.504,2.2942545
1.056,1.1923088
5.00001,4.8785796
1.62,1.8821616
2.722,2.849296
2.459,3.014129
1.833,1.7712692
2.207,2.7179375
1.61,1.804213
3.039,3.4464574
2.662,2.0673351
0.901,0.8059572
0.875,1.2184986
2.094,1.6509421
1.887,1.9839602
1.014,1.1387271
3.875,3.7575855
3.591,3.177027
3.273,3.1863291
2.792,2.8909602
2.336,2.795072
1.635,2.3953817
1.242,1.9042727
4.5,3.7788212
1.119,1.3339133
0.908,1.0509198
1.206,1.349383
4.838,4.37871
3.667,3.329145
2.01,1.746588
3.336,2.998816
3.625,2.2629383
1.701,1.6660258
2.467,2.4791481
1.612,1.7753773
1.47,1.3922783
1.179,1.6841693
1.113,1.1059736
2.665,2.4273586
1.135,1.1435118
3.291,3.0973516
5.00001,4.549849
2.365,1.8335035
1.222,1.3476088
0.819,0.9893609
3.864,3.80318
1.848,1.8336438
1.607,1.8906034
1.016,0.89302444
4.24,4.48028
2.625,2.326992
3.694,3.0568357
1.151,1.8452123
2.817,2.0673306
0.981,1.2482744
1.311,1.5320022
2.518,2.0002282
2.327,2.4766893
1.392,1.3278766
0.715,0.9649732
3.405,3.3796873
2.708,2.2854967
1.556,2.000239
0.892,0.6883266
1.67,1.813911
1.031,0.8344825
1.805,1.7268554
0.512,0.62984866
2.046,2.0914934
3.872,2.0685728
1.625,1.1825389
1.204,1.2680807
1.397,1.6003988
0.982,0.79897827
2.694,2.585065
2.691,2.8865602
5.00001,3.499098
0.496,0.7428467
0.58,0.73064053
0.659,0.6576514
1.754,1.6517886
3.918,3.5583084
2.808,2.5671132
0.907,1.6632546
5.00001,5.276573
0.923,1.2069216
2.271,2.4515796
1.625,1.6548036
2.909,2.9541757
1.831,1.8601389
2.832,3.349698
1.774,2.7967856
2.387,2.457974
3.213,2.7599995
2.615,3.3812013
0.993,1.4537116
2.261,2.2331705
0.517,0.37154657
1.569,1.6183081
1.609,1.5253711
2.224,2.8869817
3.052,2.9603066
1.388,1.4572568
2.307,2.2867267
0.943,0.94120157
0.972,1.0290874
3.821,3.5461326
1.932,2.2726796
2.095,1.8654097
2.314,1.7371451
0.893,1.3301272
1.961,2.0916104
1.135,0.74044096
1.784,2.788434
4.065,3.5366433
2.282,2.2028906
2.348,2.3533206
2.313,1.9180195
5.00001,5.0161796
1.841,1.9393119
2.137,2.3585854
5.00001,4.643825
1.692,1.8413495
2.324,2.3707125
3.517,4.277739
2.346,2.1153631
1.125,3.0969052
1.452,1.532261
0.872,1.2345268
0.535,1.1530105
0.438,0.46657026
0.942,0.9639254
2.188,1.7044246
1.919,1.9745076
1.322,2.4553294
0.468,0.4903379
1.497,2.0220835
1.263,1.2880383
2.559,2.4650521
0.945,1.0365449
2.371,2.2093287
5.00001,4.5475397
0.875,1.3069253
1.266,1.2829024
2.451,2.3883214
1.574,2.0801892
0.784,0.77954865
2.181,2.1551962
3.5,2.2451031
1.984,1.8800173
1.439,1.4106781
3.379,3.916336
0.763,1.0232131
1.601,1.8812803
1.306,1.4248207
1.125,1.1269138
3.292,2.489172
2.333,1.8109032
0.992,1.101988
1.979,1.9195566
2.041,2.6642947
3.5,3.385411
0.621,0.4745339
1.404,1.5021843
1.521,2.229242
1.305,0.97201514
1.951,2.59795
1.995,2.5020313
1.375,1.134051
2.75,1.941956
1.229,1.8297268
1.09,1.3299447
1.217,0.9978296
3.02,3.3211484
2.417,2.0815794
1.532,1.7420102
1.693,2.8717105
3.585,4.4455156
1.75,2.090624
1.125,1.2636132
3.76,4.062546
1.188,0.908207
4.01,3.7973883
1.079,0.9644206
3.397,3.6370316
1.58,1.5858563
4.688,3.673336
0.631,0.6269721
1.846,1.9413506
1.897,2.6335845
1.909,2.5261018
0.675,1.3561732
0.853,1.1993598
1.736,1.8147402
1.297,0.96538675
1.81,2.62043
5.00001,5.1492867
3.762,4.0786424
2.43,2.418233
1.482,1.3878156
2.381,2.6165016
4.5,4.116122
2.4,2.339675
5.00001,1.6788383
2.741,2.7959657
1.901,2.1877728
2.684,2.8115458
3.493,2.5090814
2.757,2.59283
1.828,2.257596
5.00001,4.588301
2.132,2.1765797
1.795,1.9164841
1.385,1.4153636
1.813,1.614007
3.405,3.4639192
2.25,1.8840883
0.683,1.0574013
2.379,2.7502906
1.497,1.6522831
1.258,1.747544
0.876,1.8648859
1.25,1.5487933
1.688,1.1609796
1.35,1.5065389
0.863,1.1270514
0.649,1.0940206
1.063,1.6476393
2.857,3.0166426
2.724,2.7027783
2.177,2.376678
0.918,1.2341231
1.63,1.6936616
1.951,1.7887182
0.325,1.113025
2.753,1.8146197
1.369,1.3977966
1.941,1.7897322
2.302,2.6437635
1.436,1.5062894
0.396,0.7484427
0.598,0.75527406
2.107,2.20281
1.563,1.1259457
2.156,2.2341304
1.775,1.8364419
2.189,2.1562264
1.284,1.237778
1.906,1.8510569
3.983,4.0301576
3.671,1.929278
1.225,2.0099146
3.761,1.9766955
1.576,1.4845655
1.781,1.6225957
0.724,0.75769514
2.876,2.643648
1.75,1.2814739
2.808,2.309
1.605,1.7992989
1.586,1.4622422
1.443,1.782945
1.363,1.7373283
2.182,2.2582946
4.664,4.2994714
3.861,4.3117476
2.512,2.4814022
1.904,1.5465481
2.231,2.466003
3.61,2.500752
2.75,1.253458
0.708,1.048637
4.6,3.087523
0.675,1.1510637
2.25,1.2967689
1.761,1.7348453
0.524,0.42921665
1.676,1.7965791
0.997,1.4391263
0.889,1.0071334
2.237,2.1904676
1.805,1.8220465
0.932,1.2148929
1.738,1.6309911
4.908,4.841318
1.042,1.3017279
2.761,2.5882127
2.547,2.5962117
2.123,2.2883832
0.875,1.1080807
0.942,0.7292475
1.635,2.0561087
5.00001,2.52103
1.25,2.1491048
1.823,2.0064209
1.117,1.6281189
1.46,1.8149586
5.00001,4.57585
3.205,2.8893297
0.48,0.47862872
1.688,2.2133093
0.675,0.7350081
1.731,1.5956013
1.5,0.99735016
3.292,3.086956
1.41,1.4397871
3.78,4.008913
0.802,0.6387396
2.033,2.0720003
3.949,4.1232266
0.845,1.0782238
3.273,3.1815505
2.012,2.5263615
1.625,2.5025535
2.66,3.168911
2.212,2.1192482
1.765,1.8918544
2.063,1.6653886
5.00001,4.4545064
1.867,2.1795056
1.125,2.1925666
0.905,0.8731819
1.908,1.9082544
1.988,1.4086586
1.656,1.3862951
5.00001,4.3712645
1.457,1.6713983
0.913,1.1482326
1.404,1.7628646
1.917,2.1720598
0.611,0.82369137
1.53,1.3079902
0.855,0.9742896
1.645,1.5325968
3.862,4.0069385
3.413,3.2039187
2.464,2.4034317
1.218,1.3855703
1.325,1.7844279
0.98,1.2683538
2.414,1.9517936
1.713,1.9209025
1.201,1.3309894
5.00001,5.225589
1.927,2.133827
2.328,2.1462193
1.918,1.9956044
1.963,1.9603205
2.939,2.9232583
0.846,1.1729846
5.00001,5.139214
5.00001,4.5230904
1.073,1.3790329
1.5,2.0709183
2.042,1.8080711
2.683,2.7912672
1.035,1.1274477
1.615,1.4171474
2.224,1.9962655
1.669,1.4385417
2.292,2.429095
2.059,1.7561886
0.955,0.4796744
1.625,1.9091735
2.407,2.5781994
0.828,1.2308369
2.302,1.6886973
1.859,1.7589194
1.058,1.441134
1.188,1.3933591
1.944,1.7648768
1.833,1.9599915
2.925,1.79982
1.442,1.6296437
5.00001,3.3940825
1.342,1.9702042
0.528,0.36961725
1.887,1.788494
2.04,2.5194485
1.795,1.6713953
0.989,1.0105565
2.799,2.232734
3.277,3.148835
2.08,2.004307
2.083,2.3235097
1.125,2.6457007
2.347,2.83572
2.145,1.840258
3.385,4.0370173
5.00001,5.1197333
2.841,2.6881473
5.00001,4.433312
1.813,1.7661061
1.25,1.0924405
4.125,2.9174078
1.125,0.93469507
0.903,0.5808249
0.96,1.3135833
1.425,1.9301896
2.663,2.9368334
1.65,1.7330747
1.18,1.382063
1.564,1.9894637
4.268,5.038909
3.086,2.873288
2.392,1.1209172
1.094,1.0630637
0.666,0.66946864
3.685,3.4242945
3.305,3.3085566
2.736,2.7033553
5.00001,4.9283686
3.211,3.7038894
2.426,1.8046799
2.319,2.755822
1.514,1.9968425
2.278,2.2908158
3.8,4.089621
0.952,1.9063816
1.939,1.6733338
2.607,1.8674153
1.91,1.3737301
0.649,0.7857314
1.283,1.4409543
1.898,3.0417032
1.833,1.7206737
1.518,0.8319918
2.573,2.0601864
1.375,0.8112288
1.25,1.260726
2.181,1.6336989
1.681,1.7578405
2.318,1.5585289
1.49,1.2661271
1.703,2.210161
3.913,2.76939
2.823,3.4856443
5.00001,4.847575
1.354,1.5576435
3.284,2.8096368
3.5,1.8578262
1.823,2.0000644
5.00001,5.021106
1.92,1.654319
2.408,2.3656597
1.75,1.9197222
1.264,1.2769322
1.259,1.3894387
1.947,2.2127786
3.418,3.8025649
2.119,1.631482
1.375,0.5325605
2.706,3.0107245
1.723,1.7817792
2.621,2.1270168
1.491,1.4928223
3.391,2.644566
2.486,2.2789674
1.287,1.9114885
3.439,2.3455803
1.75,1.7458956
2.875,2.7726026
1.436,1.5252067
3.462,2.7633767
2.322,2.6503613
2.0,1.3528656
2.415,2.3551674
0.675,0.85814893
1.917,1.4738388
1.783,2.5143814
1.782,1.7719984
1.332,1.3881637
2.738,2.599852
1.522,1.4066294
1.871,2.0652833
1.375,1.4174736
1.104,1.2669237
2.406,2.1038494
1.625,1.4751548
0.838,1.0065717
2.656,2.090177
2.115,2.1387706
1.734,2.1595356
3.1,2.9072201
0.995,1.2836472
1.914,1.7999178
2.201,1.662395
1.673,2.0123184
0.65,0.6992656
1.418,1.7686183
2.906,3.024
3.192,3.2865348
1.188,1.1724585
2.0,2.3164544
2.195,1.9539341
2.894,2.4854338
1.164,1.747231
1.623,1.6216464
1.141,1.3105451
0.713,0.88548857
1.905,1.7576882
1.973,1.9394861
0.722,0.69733566
1.033,1.8398846
1.43,1.1477029
2.449,2.115796
5.00001,4.038706
1.833,1.4041992
0.861,1.1991034
2.184,2.763959
1.108,1.3797292
2.113,1.8943887
3.388,3.420862
1.231,1.2765542
2.695,1.5061897
3.214,2.5206888
0.819,1.0956305
5.00001,5.4479485
3.046,3.5466614
0.729,0.80740696
1.58,1.4838477
0.622,0.66069347
1.163,0.89550036
3.141,1.4728181
3.625,2.497198
5.00001,5.0939794
0.741,1.2111834
1.5,1.5434904
2.7,2.9101796
1.208,1.3273606
2.5,1.6092011
0.722,0.9475981
3.75,3.1080604
2.396,2.6011999
1.833,2.5147665
1.612,1.9455327
2.51,2.1651804
0.455,0.6871584
1.781,2.039724
2.589,2.5787098
1.458,1.6745787
0.847,0.8641541
2.167,1.6071622
1.304,1.3101505
1.585,1.4352702
1.178,0.9058144
2.15,2.1944323
2.686,2.858991
1.0,0.5947238
3.327,4.342066
1.867,1.6246227
0.53,0.40602532
1.497,1.4066911
3.458,3.1394143
1.245,1.4095938
4.758,4.427991
5.00001,3.981626
5.00001,5.126902
1.759,1.7843
1.833,2.611862
2.531,3.234404
1.178,1.1633025
1.435,1.4171697
5.00001,3.844438
1.423,1.1844155
1.21,1.3598856
2.688,2.9027247
3.302,3.5014918
1.218,1.6168162
4.169,3.3784947
2.667,3.4260921
1.894,1.8975118
4.436,3.4117
1.63,1.7130651
3.825,2.9981787
1.063,1.3182129
0.578,0.7744492
0.575,0.8171103
2.38,2.581151
2.189,2.4149017
1.186,1.6143864
3.091,3.456108
2.132,2.0078769
1.802,1.6825544
4.708,3.9088454
3.372,1.4022177
0.953,1.0860572
1.039,1.2637521
5.00001,2.3122194
2.15,2.1982894
1.894,2.2063096
1.714,1.879853
3.57,2.9292772
1.962,2.0322595
0.985,1.0726141
1.788,2.042487
2.266,2.447429
1.714,1.9171793
2.714,2.18484
2.168,2.4082196
0.679,1.0777067
1.713,1.4136971
1.109,1.6646454
3.325,2.709187
1.5,1.5792725
1.734,2.4003506
2.375,2.6887155
0.658,0.9001731
1.731,2.0397184
3.212,2.841346
2.65,3.33211
0.875,0.77916795
2.103,2.5023077
2.478,2.5744462
3.757,3.8752608
1.137,1.0207341
5.00001,4.0752506
0.456,0.3985276
1.306,1.2746571
1.986,2.510543
4.367,4.115896
0.926,1.219097
1.5,1.6097225
3.599,2.7151542
5.00001,4.8934937
0.938,1.1633244
3.833,3.5140316
1.917,1.4434757
2.672,2.597962
2.802,1.8052478
0.521,0.46417585
1.102,1.060528
1.646,1.1308658
3.248,3.760778
1.227,1.4541532
2.167,2.3856835
0.736,1.0903735
2.541,2.4543602
1.875,1.4445902
1.66,2.1039867
1.579,1.8862892
1.938,1.9732829
1.408,1.4705691
0.953,1.0748237
2.27,2.8223677
2.656,2.4991894
0.902,1.231656
1.832,1.651597
1.846,1.5949657
1.625,1.7136844
1.25,1.3442465
0.972,1.3561243
3.553,3.0262206
1.362,1.3572702
1.25,1.5841548
3.056,3.307317
1.766,1.2621983
3.486,3.844468
2.992,2.7046
0.721,1.789281
1.095,1.4735993
2.811,2.9826136
1.563,2.0593626
2.342,2.3911805
0.597,0.6560895
2.5,2.6447935
2.033,2.3272479
1.731,2.4026954
3.003,2.8662643
2.38,2.1253073
1.79,1.7369475
1.66,1.8315672
1.607,1.8471373
1.475,1.6778481
1.921,1.9426062
0.564,0.5545547
3.048,3.5271864
4.398,3.7583237
1.375,1.3559786
1.375,1.052827
1.346,1.7712991
2.625,2.5605083
0.834,0.97167534
1.135,1.0605251
0.714,0.987858
2.045,2.1592216
2.824,3.1182692
1.457,1.5193008
2.647,2.9528089
2.75,2.1307364
1.716,1.4209807
2.167,1.8333418
1.807,2.075026
2.125,0.8738127
1.677,1.9243275
0.425,0.40156782
2.384,2.4549003
1.44,0.77888817
0.436,0.4371147
3.635,2.5795236
1.862,2.1150367
0.675,0.5304431
1.596,2.6447608
1.956,2.0310009
1.548,2.0065932
4.507,4.549085
0.699,0.65338534
1.322,1.4256237
3.28,3.9221363
2.728,2.9481373
0.663,1.1774285
1.293,1.4039886
0.771,1.0117649
1.555,1.5626366
1.26,1.4639798
2.403,1.9278407
1.33,1.3038139
0.949,1.1259651
2.039,2.3643835
0.61,0.68266106
1.392,1.4186534
2.292,2.1108425
2.606,3.2406883
2.511,2.0962102
3.276,2.3152187
1.679,1.8316171
2.12,2.4583225
2.333,2.115096
2.554,3.0033257
0.675,0.8238594
1.62,2.4163997
1.172,1.055175
1.097,1.1038672
2.75,1.1251029
1.118,0.872429
1.66,1.9788508
0.927,0.96625197
1.86,2.1882253
0.973,1.3300717
2.413,2.9595106
2.585,2.49405
1.382,1.7581953
1.961,2.6419988
4.192,4.876251
1.388,1.4645826
3.766,4.581425
1.651,1.7718023
1.818,1.8438662
2.118,1.4702352
1.125,1.5933113
1.443,1.4289073
2.22,2.1049552
0.536,0.55438316
1.308,1.400645
2.276,2.629088
2.75,3.3252342
1.919,2.0083187
0.641,0.7621426
0.681,1.0357964
2.552,2.1693654
2.441,2.806683
3.37,2.5948765
2.083,1.8268081
5.00001,5.0952663
1.721,1.6454585
1.289,0.80678207
1.449,1.1653214
0.72,0.36577985
1.429,1.5255113
4.361,3.088154
2.042,1.6311309
1.957,2.282304
0.905,1.0926783
2.361,1.778047
1.869,1.7745103
1.625,1.9800833
1.125,1.5347909
0.58,0.42164573
3.074,3.5173275
3.538,4.190968
2.909,3.0997236
3.586,2.9345903
2.462,2.1428204
0.721,1.1967528
1.075,1.3694046
0.786,0.77637273
1.876,1.8647354
0.979,0.95878446
1.866,2.198835
1.969,2.233463
1.115,0.9498879
1.563,2.1282547
2.182,2.5357516
2.935,4.3680806
0.59,1.0382962
1.628,1.4121602
1.029,1.248587
0.543,1.209195
1.663,1.5073264
1.525,1.6499283
1.426,1.6330991
1.5,1.3757094
0.844,0.79233503
2.1,1.7617363
1.375,1.2667581
3.5,3.1430762
1.719,1.329076
1.431,1.5518502
4.523,3.6151905
1.76,1.6463381
1.127,1.1309731
0.684,0.67861116
1.907,1.7612284
3.318,4.040151
1.84,1.897364
1.625,0.9415621
1.294,1.3389446
1.728,1.4474579
1.911,1.6497344
2.949,3.1899066
1.886,1.8725314
0.638,1.1546797
4.661,4.2615285
1.868,1.9767967
1.393,1.3534386
3.303,2.4586756
2.848,3.245396
1.988,2.1313257
0.693,0.5146455
1.455,1.6543432
1.662,1.6524459
2.738,2.3953297
1.49,1.4072789
2.154,2.2255812
2.878,3.7670171
4.063,2.7002351
1.603,1.7078582
2.4,3.0120287
0.609,0.96108085
1.423,1.2654276
0.848,1.0807143
2.054,2.1219742
3.968,3.53545
1.354,1.7835305
1.154,1.454885
1.625,2.4140527
4.25,2.5886123
1.143,0.9333644
5.00001,4.793324
5.00001,4.3389454
0.487,0.38901708
2.947,3.1259902
3.005,2.002693
3.432,2.0713768
0.92,1.4865108
2.781,2.9891248
3.809,4.037964
3.398,2.7614388
0.968,1.1758009
2.7,1.9748825
1.9,1.9847145
1.813,1.6747763
1.006,1.1951241
1.708,1.49293
1.527,1.4083992
3.536,2.7337513
2.0,2.4442904
2.134,2.724226
1.531,1.4917134
3.797,2.5753772
2.75,2.569224
0.786,1.4204193
1.883,2.2609687
1.38,1.4419439
5.00001,4.734327
1.974,1.6155511
2.446,2.8427634
1.653,1.6750187
3.004,3.0099711
0.882,1.3000344
5.00001,4.4526076
1.631,1.1380684
1.919,2.2213197
3.553,3.1655242
4.303,3.5093567
0.427,0.5186515
3.781,4.251177
2.64,2.0147948
1.119,1.87532
2.245,1.9536107
1.25,1.737534
0.641,0.8644432
0.884,1.034336
3.892,3.4203193
1.938,1.0008793
5.00001,3.784785
1.875,3.7983735
2.103,2.1166034
2.128,1.9785659
1.775,2.134913
1.813,0.97892797
1.595,1.7187997
1.775,1.8314866
1.161,1.2194893
5.00001,3.6582963
1.625,1.6695638
1.355,1.720602
0.996,1.1280074
1.185,1.2593045
1.569,1.597318
1.472,1.2904909
0.858,0.9703713
5.00001,3.0961852
1.709,1.5989208
2.579,3.1515796
1.643,1.6968993
4.389,3.7379246
0.98,1.3533188
2.887,2.641174
2.032,2.4333708
2.836,2.7515128
1.625,2.5147452
0.953,1.0957258
1.617,1.5553095
1.875,1.647889
1.58,1.5105915
4.561,2.924488
1.029,1.2791908
1.654,2.057049
0.544,0.33784375
1.472,1.6071322
0.95,1.0310311
1.43,1.961619
0.972,1.2217131
1.129,1.2337872
1.733,2.3662722
3.931,2.9727585
0.63,0.785709
2.973,2.3362706
2.421,1.8231903
2.939,3.165517
1.131,1.5102646
1.372,1.2838124
2.971,1.5008847
2.435,2.4364932
0.988,0.8533668
2.448,2.6139154
3.278,2.9254375
4.375,4.030149
1.635,1.7227294
1.024,1.6244161
1.122,1.2227235
1.659,2.1385682
2.5,2.8974323
1.581,1.7739275
0.875,1.0976199
1.35,1.4936807
0.795,1.4570311
1.621,1.086162
2.284,1.7609745
1.406,1.6269238
0.713,1.5923014
2.663,2.4467747
0.813,0.6788722
1.85,2.2916722
3.293,3.936086
1.688,1.4930347
1.104,1.49466
5.00001,4.1365957
0.857,1.4557536
0.633,0.29052797
5.00001,4.9940763
1.838,2.0477421
1.507,1.4418705
2.429,2.4916983
3.267,2.9759955
2.204,2.1343398
2.407,2.188623
5.00001,4.8911667
0.984,0.95363206
1.669,2.0394256
2.054,2.0287178
0.901,1.1114212
1.898,1.6095816
1.625,0.8048083
3.337,2.8678825
0.851,1.0036318
1.344,1.1088632
1.446,1.8715161
2.15,1.9185086
0.975,1.2365818
2.1,2.7549946
3.12,3.1178885
3.0,2.8947864
2.024,1.8433652
2.541,3.4212215
1.16,1.3711083
1.67,1.613171
3.969,3.852552
2.27,1.878164
5.00001,4.159995
5.00001,4.2569213
1.99,1.9746414
3.691,4.1819677
0.225,1.1172605
0.957,0.91464037
3.659,4.2053523
2.158,2.2863493
2.055,1.8499014
5.00001,4.087666
2.508,2.0366373
3.636,4.160316
2.942,3.4501145
1.714,1.6158993
2.613,2.211614
1.149,1.1546695
2.584,2.1289315
1.063,1.0605557
0.989,1.2815235
2.42,1.9909348
1.461,1.4596542
1.546,1.7158856
1.975,1.835916
2.896,3.0050297
3.257,2.4436646
0.533,0.6248705
0.878,1.3080002
1.783,1.8776779
1.971,1.9768662
1.234,1.51095
2.929,2.8137743
1.098,1.4235456
1.242,2.0670657
0.573,0.6286903
4.047,3.6738417
1.875,2.5190449
0.637,0.7755279
1.012,1.393633
5.0,4.5246816
0.455,0.6433162
4.635,3.577459
1.813,2.3544614
3.074,2.24712
3.718,4.5271425
0.56,0.86775964
2.893,2.0743585
1.282,1.3459146
2.714,2.3446026
1.821,2.011186
2.194,2.1605022
0.784,1.2055225
0.961,1.131199
3.947,4.1066484
2.225,2.403936
0.875,1.4296507
1.375,1.4628764
2.461,1.6768887
1.757,1.861527
1.641,1.5493671
1.328,1.3331951
1.292,0.6083182
2.241,1.7062006
1.039,0.7509178
1.128,1.0119658
2.438,2.9301364
0.886,1.0180267
1.861,2.70399
1.861,1.0028259
1.609,1.7942508
1.492,1.2372552
0.764,0.68415415
5.00001,3.8706412
0.956,1.2911417
2.375,3.215545
4.183,3.973642
1.975,2.269103
0.664,0.6367521
2.69,3.602145
2.19,3.3967447
1.569,1.6735424
1.342,1.6056981
2.042,2.0634453
2.188,2.96848
1.818,2.8506823
1.685,2.074567
2.992,2.5281713
1.66,1.5121089
1.935,1.7285924
2.125,2.5229855
3.862,2.519822
2.684,2.0245712
1.281,2.1193867
2.712,2.986634
0.884,1.2647641
1.015,0.9241979
4.955,3.8143773
1.673,1.2699466
1.413,1.4816248
5.00001,5.3457394
3.213,3.3228395
0.821,1.0317621
0.929,1.2626324
1.68,1.5219318
1.35,1.3386549
2.431,2.0890431
1.571,1.6021763
0.979,0.8009905
1.777,1.8580593
1.318,1.1764982
2.688,3.5079927
3.143,2.3381233
1.836,2.270983
1.0,0.68544465
2.322,2.550398
1.381,1.4011075
1.625,1.4939376
4.573,3.0429835
1.392,1.4473617
2.445,2.582231
0.616,0.3127651
2.37,2.0865893
1.125,1.2549492
1.223,1.5612344
5.00001,2.7937076
1.101,1.4955138
3.009,3.0902324
1.675,1.3322799
2.464,2.9690564
2.793,3.8013349
4.14,3.0765154
0.587,0.47528216
2.949,3.6762862
3.652,3.6478872
3.683,3.3143005
2.392,1.8516444
1.214,1.921639
2.15,2.114419
1.139,1.2776448
2.364,2.3645601
1.717,2.175087
2.485,2.881676
0.582,0.5868016
0.678,0.32288545
0.757,1.4075267
1.78,1.8716072
0.604,0.4859985
2.261,3.1098156
1.795,2.0098705
1.582,2.0067146
2.786,2.6982427
4.808,4.016413
1.923,1.6886576
1.417,1.1634537
3.308,3.1004188
1.0,1.1667423
1.032,1.2019334
0.535,0.37301677
1.857,1.6884677
1.929,1.5770034
2.56,2.997718
1.385,1.5511513
0.696,1.1189544
2.468,3.2663016
2.659,2.805511
1.625,1.2158903
3.227,3.6121387
1.489,2.0570955
4.29,4.248512
5.00001,4.625546
2.541,2.7103138
3.281,3.1247127
1.691,2.0346563
2.554,2.3719218
0.764,0.88637626
1.514,1.9974192
3.111,2.5026915
1.875,2.0483844
2.132,1.9532577
2.083,1.832253
2.028,2.4450111
0.901,1.7808908
0.924,1.3044167
1.365,1.0378238
0.922,0.56601906
0.794,0.73383236
0.955,0.98694235
2.492,2.1360803
1.117,1.4203463
1.906,1.6843482
1.918,2.2390552
5.00001,4.5526047
0.508,1.2023734
1.635,0.9974272
3.689,4.0940375
0.57,0.863618
0.75,1.2647015
2.29,2.4825246
3.409,3.3255613
2.766,2.6854637
1.884,1.8918741
0.739,0.75595915
1.5,2.0051596
1.471,1.2426494
1.863,1.5731187
2.349,2.134264
1.225,1.3960729
3.989,3.2815297
2.5,3.7579446
1.136,1.5420402
2.448,2.6114814
2.25,2.0517082
1.869,2.6787245
3.097,3.2718172
1.306,1.4756718
3.423,2.6295047
0.65,0.8303264
2.789,1.9780025
1.688,2.161561
4.184,3.6437292
1.09,1.2678807
1.601,1.8401513
3.45,3.5837684
4.188,3.8628373
2.091,2.07946
0.975,1.1642954
5.00001,4.6691275
1.086,0.58501005
1.333,1.4457496
0.509,0.6426345
3.116,3.1645732
3.655,3.8513012
1.75,1.835649
1.703,1.3552277
2.795,3.1080463
1.259,1.7708968
1.557,1.6712838
0.833,0.7864564
1.563,2.5974221
2.148,2.8147705
1.103,0.79786235
1.65,1.028088
3.495,3.5184639
5.00001,5.467047
1.257,1.0093199
1.931,1.8768853
5.00001,4.948755
1.996,2.3846464
5.00001,3.471126
1.634,1.9417186
1.375,1.2083794
1.215,1.487818
3.812,3.4662855
1.119,1.4540683
0.58,0.8826228
0.638,0.9441342
3.632,3.4445732
2.064,1.7468802
3.708,2.7820635
0.818,1.1329349
2.715,2.2560787
1.97,2.324553
0.734,1.0223106
3.017,3.2955692
1.196,1.3545561
2.581,2.2991188
0.175,2.99222
1.457,1.8318719
1.02,1.1778749
4.0,3.476071
0.992,1.0141656
4.854,3.8045561
4.771,4.495185
0.669,0.55171716
3.754,4.518335
1.696,2.0838008
2.476,2.85831
1.647,1.6161561
3.094,3.464877
1.853,2.0014699
2.302,2.3061476
1.561,1.4445902
3.025,3.3275776
0.978,1.0985757
2.513,2.7863576
2.813,2.5226102
1.531,1.1654316
3.556,4.005688
1.013,1.2123933
2.66,2.227565
1.607,1.422121
3.058,2.798141
1.475,1.2956903
1.863,1.7365172
1.626,1.9520906
4.847,3.9150002
1.75,2.1115305
1.272,1.2130047
3.651,3.1204104
2.365,1.5483844
2.14,2.623911
2.258,2.7000504
1.289,1.35817
0.735,1.7691243
1.147,1.4856024
1.75,1.7264206
3.181,2.1089077
3.312,3.015317
1.925,2.4953656
1.595,1.3685716
1.627,1.6699744
0.673,0.9827583
2.129,1.5030367
1.406,1.4729322
1.865,1.4323509
3.932,4.233167
0.553,0.55810636
4.098,3.827737
1.918,1.9854838
0.995,1.460758
1.75,1.7645986
1.58,1.4965869
1.069,1.4959203
2.772,2.1362426
3.267,2.7661924
0.96,0.412411
4.318,4.776921
1.722,1.8747327
1.125,1.125874
2.25,1.1944114
2.595,2.2984474
2.915,3.0646744
0.504,0.611436
1.5,2.9000533
2.246,2.6255598
1.306,1.4563296
0.697,0.9082824
3.53,2.6047347
2.312,3.1882641
2.051,1.8390005
3.981,3.6893523
1.413,1.6652768
1.733,1.6867449
1.279,1.0824776
2.895,1.9420677
0.959,0.9571518
1.334,1.608989
1.468,1.5701635
1.813,2.4851797
0.546,0.59864837
0.555,0.36873952
1.5,1.6902233
1.028,0.77070916
0.933,0.8618691
1.231,1.3242759
2.318,1.1823206
1.595,1.590132
1.083,0.9415774
0.431,0.36928952
1.056,0.8228579
1.683,1.5059553
0.283,1.3127908
2.829,2.6366973
2.343,2.0602577
2.125,1.1605452
2.056,1.9274839
1.5,2.2238483
1.93,2.0239887
0.14999,2.273235
1.7,1.6623964
1.683,1.5642574
0.935,1.4889166
1.918,2.2449977
1.815,2.2364228
1.954,2.0997193
1.219,1.5631945
1.426,1.920124
1.583,1.571031
1.653,0.98685086
1.55,1.4627323
0.921,1.1163973
0.681,0.63922215
2.763,2.6659715
3.352,4.172838
1.211,0.96968555
1.771,1.3212752
1.875,1.8667551
1.92,2.4607599
3.012,2.4744112
1.591,1.4170164
5.00001,5.2980847
2.737,2.4165072
2.339,2.373529
5.00001,2.6453438
2.228,2.6646883
1.402,1.546458
1.598,1.6189868
1.188,1.3710662
5.00001,3.4802272
1.055,1.6884385
2.178,2.0758243
1.875,2.0882983
2.873,3.506869
1.31,1.8771907
0.558,0.61986256
1.619,1.8270555
2.536,2.1797447
1.55,1.4385331
3.115,3.2031345
0.878,0.9227722
1.058,1.1139281
1.37,1.558993
1.563,1.7387052
1.547,1.4477189
1.674,1.4265782
4.578,3.8257113
5.00001,3.878019
1.883,3.0829675
4.429,3.3723035
5.00001,4.716682
5.00001,4.75123
1.875,1.6357319
0.574,0.48830622
3.875,2.4178379
2.72,3.0827827
1.676,1.2275829
4.037,2.934541
1.917,1.5034671
5.00001,2.8387282
1.871,1.973739
0.964,1.4908864
0.924,0.98080575
2.139,1.9651899
1.55,1.9145943
1.33,1.6813164
2.75,1.5946037
2.385,2.1610715
1.583,1.3329856
0.705,0.7815362
2.223,1.696915
4.119,4.037234
1.851,2.0366807
5.00001,2.974372
1.398,1.4060861
1.781,1.7071664
1.593,2.3733368
1.25,0.97730076
1.971,2.5254095
0.64,0.7809186
1.946,1.8794562
1.625,1.2058865
0.844,0.31130195
0.613,0.86277187
3.682,3.842262
1.221,1.5451633
0.861,1.35868
2.099,2.0267332
1.708,1.5357448
1.75,1.5208839
1.266,1.2051032
2.822,2.8660073
2.077,2.351591
1.042,2.0365794
2.143,3.3360202
0.803,0.9640165
2.731,2.0863721
2.375,2.135769
0.738,1.2578043
1.844,1.5513008
3.42,2.7476504
1.297,1.3629321
2.24,2.8208442
1.569,1.3301092
3.949,2.6026566
1.577,2.0021257
1.199,1.2150707
3.169,3.3736312
2.125,2.5474613
0.683,0.7243246
1.651,1.8102555
0.936,1.1238451
0.888,1.2007794
1.847,1.9060416
3.271,3.3082058
1.343,1.2127753
5.00001,2.7599325
1.621,1.5958948
5.00001,4.906851
2.292,2.095139
1.125,1.1139277
3.542,2.4856086
3.621,3.1028817
1.625,0.8609956
1.005,1.4886057
0.677,0.6155812
0.571,0.6544933
1.648,2.1285715
2.042,2.112722
3.424,3.390325
1.815,1.1569794
3.045,2.7747042
2.353,2.4796426
1.053,1.7665324
2.914,2.6399508
1.596,2.0851152
1.118,0.9166957
1.196,1.292031
3.297,1.731048
1.367,1.746712
1.014,0.9851519
1.186,1.1276755
1.333,1.6349965
0.525,0.44873083
2.346,2.6171758
0.75,1.1125598
1.763,1.7494001
3.468,2.687398
2.518,2.4643106
0.542,0.6167973
0.675,0.9836688
1.425,1.7134111
1.016,1.1948091
2.273,3.1454546
3.372,3.3094199
1.188,1.8773369
0.675,0.97886455
2.02,2.3385768
0.942,0.9363985
0.962,0.8670032
2.25,2.4486938
2.587,2.1101828
1.031,0.99849004
1.172,1.3712035
1.648,1.3633754
1.44,1.5557435
5.00001,4.127561
1.554,1.3396055
1.147,1.0182449
1.231,1.7920697
2.268,2.1497076
1.804,1.4380301
3.109,3.7149503
1.488,1.5909336
0.847,1.202653
0.637,0.6315967
2.62,2.381852
4.381,4.2327657
2.265,2.070484
0.876,0.99719936
3.455,3.5491369
1.401,1.0625342
3.667,3.359627
2.708,2.6398354
1.688,1.9784573
2.938,3.81087
2.518,3.1091163
0.851,1.1011424
2.675,2.928726
1.409,1.6461323
2.855,1.6715097
1.513,1.4894352
2.25,3.2934558
0.446,0.63879156
4.5,2.4067433
2.293,3.0837326
2.25,0.6658929
1.38,2.074319
0.969,0.57651854
1.612,1.8635662
1.443,1.2236576
4.5,3.0553262
1.225,1.396728
2.487,2.2612617
1.342,1.5405918
3.481,3.824236
0.783,1.0181009
1.078,0.9648572
1.469,1.6621329
1.883,1.8532906
1.625,1.3750275
0.586,0.47939444
1.837,1.8677729
1.804,1.7597529
1.75,1.5869169
1.372,2.2445784
1.1,2.2901757
2.334,2.2196214
1.283,0.9267557
3.5,2.990442
1.552,1.6339197
2.567,2.9616654
0.859,1.1601409
0.732,0.6737336
2.583,2.6007469
0.628,0.9960145
4.85,3.4071207
1.24,1.5762794
1.585,1.8270719
0.973,1.2660834
1.867,1.9035994
3.441,3.6726568
1.667,1.5356511
1.089,0.9796444
4.829,4.082742
2.044,2.914634
2.307,2.1927445
0.53,0.72918344
1.785,1.6820158
5.00001,3.7311015
5.00001,4.150295
0.849,0.8306224
5.00001,3.8449967
2.468,2.6845543
1.563,1.3617328
2.346,2.0722291
0.488,0.8791959
1.458,1.9113721
2.715,2.5887003
5.00001,3.9934723
0.875,1.3546693
0.691,0.6212241
1.393,1.3573216
2.734,2.7951913
2.297,2.0067675
0.682,0.8372626
1.143,1.4324837
1.599,1.8916968
1.166,1.4240258
2.099,2.0025373
0.689,0.56204766
1.014,1.2316035
2.14,2.268217
3.553,3.372294
0.903,1.5565012
1.593,1.7955571
0.639,0.6585786
2.182,2.2272382
2.536,3.050701
0.813,1.2183722
1.886,2.1312017
1.654,2.2590997
1.063,1.3447598
2.101,2.2432551
1.476,1.5984238
1.125,2.7948458
1.75,1.554454
1.566,1.5361688
1.173,1.5361767
2.292,1.8409507
3.5,1.9368736
1.719,1.9216541
1.993,1.8940336
2.516,3.1524222
3.0,3.0746787
1.589,1.6739757
2.168,2.2868633
1.98,2.1206813
3.561,4.063676
1.923,2.172057
3.145,2.7674384
0.5,0.7084852
1.625,1.82793
1.671,1.5462515
1.388,1.0928268
1.476,1.679892
2.385,2.212163
1.107,1.4282451
3.338,3.518563
1.921,1.943242
2.94,2.1169999
1.545,1.3569931
1.519,1.6171058
5.00001,5.0372624
3.229,2.9008472
1.656,2.4184113
2.212,1.7647692
1.704,1.767106
1.987,2.031581
1.625,1.5804023
4.112,4.1020107
3.355,3.0543094
1.491,1.327896
3.815,3.9284253
1.839,1.9282188
0.912,1.7497936
4.115,3.991711
2.203,2.5589814
1.581,1.7075561
0.696,0.7219778
2.705,2.8224893
2.616,2.786664
3.895,3.308312
0.75,1.1335303
1.776,2.039758
1.704,1.1749455
1.542,1.4323717
1.319,1.5922905
0.444,0.58365875
1.45,1.5624976
2.241,3.0373683
1.875,2.033615
1.929,2.1734061
0.886,0.900842
1.839,1.7864221
2.25,2.6923485
1.828,1.7123206
1.376,1.793119
2.653,2.3613873
0.366,0.64033496
1.255,1.4478867
1.386,1.8659447
4.871,3.4137142
1.786,1.7419873
1.345,1.9877735
3.067,3.2218657
1.158,1.6438704
0.914,1.5187654
2.109,1.8725375
2.592,2.8093655
3.473,3.6613314
1.684,1.9261836
1.509,1.428367
1.135,1.1690639
3.026,3.0035224
4.233,3.32019
4.922,4.4869027
1.906,1.9680475
2.45,1.7523675
0.557,0.8366931
0.84,1.1463792
2.75,2.8613582
1.896,1.736347
2.759,2.3849769
3.198,3.690303
2.917,2.5807452
0.679,0.73747015
1.89,1.9007753
0.9,1.1887128
3.35,3.322219
1.767,1.5718448
0.985,1.126421
2.006,1.9992975
0.602,0.7845446
1.919,2.400628
1.911,2.0233254
3.373,3.367334
2.25,3.4706666
2.906,2.3399682
1.215,1.2528217
2.932,3.1276453
1.07,1.2981294
2.664,2.6605263
0.769,0.9999689
2.203,1.513852
1.011,1.0395433
4.746,3.6300275
0.653,0.97395885
1.137,1.1245359
2.142,2.0697756
2.167,2.2153924
1.984,2.0271487
2.122,2.517295
2.227,3.933387
2.659,2.0449383
0.375,0.78170156
2.65,2.7620585
1.087,1.0376952
0.467,0.28115833
1.875,2.6099343
0.616,0.79444283
3.43,3.4873772
1.66,2.0977075
5.00001,2.7504
1.375,1.8652173
0.906,0.83148324
0.77,0.9516666
1.481,1.7310593
0.916,1.355317
1.509,1.8030801
1.551,1.6039716
0.892,0.97162217
2.154,1.8374842
0.551,0.72909653
1.974,1.8357795
1.544,1.7796305
1.417,1.5898149
0.984,0.71387005
1.526,1.6227835
1.096,1.5017632
1.713,1.568164
1.041,1.0295947
1.539,1.6790137
2.7,2.6726623
2.865,2.8850145
3.35,2.3578494
1.377,1.5745835
2.32,2.1920474
3.938,3.369832
0.703,0.8198919
1.417,1.379359
1.563,1.5108068
4.5,3.583637
1.998,1.8590286
0.953,1.2695776
0.869,1.5862122
1.875,1.627932
2.218,1.9880363
0.588,0.7751689
1.344,1.5174223
2.386,2.5020118
1.609,1.7648932
1.364,2.0924382
1.44,1.5000601
1.593,1.8653276
1.553,1.5413578
1.426,2.0375628
1.207,1.0357952
1.262,1.7959524
2.134,2.1441424
1.169,1.3427651
1.858,1.7554064
3.56,3.9555836
1.5,1.3643732
0.889,1.0915282
2.591,2.7626655
5.00001,3.9336948
1.276,1.2802714
0.699,0.8885682
1.37,2.051571
2.737,2.7310424
0.92,1.0656097
1.183,1.5671242
4.108,4.7416654
1.005,1.0722758
4.929,3.296095
1.185,1.2935007
1.135,1.1709576
0.899,1.6892877
5.00001,4.420239
5.00001,5.0594025
1.463,3.1609576
1.135,0.9749823
2.75,2.3583143
1.025,0.93288577
1.471,1.5578535
2.25,2.3989794
1.394,1.2701993
1.758,1.8134483
0.57,1.0661882
2.696,1.702709
2.729,2.420003
0.762,1.0513996
4.841,4.4190397
1.806,1.5795872
2.38,2.1263642
1.375,1.1377366
1.863,1.2743188
1.929,2.4404464
0.845,0.7092349
1.076,1.4653993
0.555,0.6274435
2.653,2.129578
3.883,3.6154258
4.827,3.9751296
1.981,2.4635396
0.927,0.76133794
3.462,3.7863455
0.388,0.8015597
0.567,0.6169053
1.237,1.824353
0.938,0.8930154
0.932,1.2351384
0.44,0.85180926
0.692,0.9579522
3.018,2.686831
2.542,2.4082303
2.098,2.5465097
1.845,1.9018523
0.734,0.8015913
3.39,3.4329374
0.931,0.88076544
2.023,1.920239
1.333,0.95283324
2.707,2.8383503
2.402,3.0032642
1.393,1.4083095
0.57,0.7260854
1.707,1.0894624
1.192,1.4093322
1.773,1.9572158
2.896,3.0719552
2.976,2.8820894
1.099,1.319861
1.475,1.7985854
0.787,0.7942106
1.603,1.9382637
0.777,1.2330332
4.735,4.737513
5.00001,4.391672
1.331,1.411736
0.935,0.7800063
2.801,3.1159089
2.567,2.0872972
2.88,2.5340118
1.611,1.5369717
1.37,1.6862272
0.62,1.2014201
4.438,4.3457217
0.683,0.909909
2.621,2.5256977
1.094,1.4351023
4.093,3.6720827
1.752,1.875566
1.477,2.110246
2.875,1.6619788
0.932,1.2102727
0.938,1.3781517
1.724,1.6898375
3.186,2.9082325
1.852,1.9042346
0.652,0.7148936
1.797,1.393152
1.592,1.5792625
1.519,1.846521
0.717,1.3070863
2.452,1.7723802
2.283,3.7160964
1.964,2.0028625
1.924,1.597858
0.659,0.63135463
2.823,2.3591666
1.853,1.7987747
0.886,0.8896875
0.675,1.1083264
1.434,0.9197009
1.194,1.0744741
2.158,2.9753292
2.574,2.5642016
3.734,2.7574792
1.523,1.3864814
2.457,2.4867296
0.8,0.7584993
1.372,1.076537
2.669,2.5489957
3.953,3.6765752
2.221,2.358719
5.00001,3.2446988
5.00001,3.9518301
2.329,2.2982492
2.597,3.3192494
2.157,1.8214976
2.432,2.5569658
2.214,1.8829958
1.125,1.0877602
3.885,2.5328567
4.1,3.4336467
1.63,2.190164
5.0,3.6545782
2.313,2.1427262
0.761,1.1646687
4.586,3.0833025
3.663,3.173067
2.968,2.5531423
0.586,0.57255274
0.848,0.51472247
1.173,1.7548836
1.266,1.1017563
1.708,1.8949884
1.493,1.6128472
1.19,0.9930899
3.75,3.0787492
2.849,2.9646437
1.701,1.0604256
5.00001,3.5843258
0.987,1.1005551
0.608,0.704414
1.428,1.2426336
2.239,2.2537777
1.375,1.8521851
2.978,3.3027406
1.127,1.284936
1.133,0.96644866
1.214,1.2711352
2.484,2.5065346
4.078,3.969623
3.566,3.5581496
1.063,0.8580146
1.214,1.3745009
2.409,2.13813
2.471,1.8231639
1.379,1.0335354
0.863,0.90826344
5.00001,4.036068
2.163,2.2811093
3.056,3.441772
1.583,1.8890824
4.521,3.8601692
0.95,1.4210296
1.057,0.8274934
0.846,1.087062
2.401,2.1657834
1.625,1.3695207
0.966,1.1624358
0.922,0.7527031
2.282,2.102097
1.137,1.5968256
0.69,0.7789259
5.00001,4.253108
2.25,2.1215982
1.74,1.7210716
5.00001,4.846338
2.53,3.1421223
2.776,3.8817067
2.852,2.6397417
0.903,1.0805519
1.899,2.117755
3.166,2.9016738
3.019,2.876263
0.931,0.95816517
0.942,1.0895873
2.138,2.0474045
1.875,1.7347257
5.00001,4.291578
3.257,3.780543
3.0,2.322623
1.439,1.701702
5.00001,5.729848
2.641,2.8364024
0.623,0.98361003
1.388,1.0186536
1.054,1.2984426
0.635,0.7638815
5.00001,1.7814947
0.978,1.0599773
1.274,1.538382
1.353,1.6911169
1.561,1.5578712
4.468,4.16567
0.65,0.82226956
1.518,1.3928258
1.922,2.046803
1.531,2.3807762
1.658,1.9578402
2.542,2.7637382
2.342,2.863418
1.125,1.1736134
1.187,1.3457841
2.409,2.4053972
2.833,3.7455742
4.5,1.1465712
0.521,0.5645763
0.559,0.6168554
0.881,1.2433044
2.489,2.1202064
0.686,1.0916148
1.563,1.6796739
2.727,3.2480989
3.404,3.769041
2.188,1.9070052
0.701,0.7738086
5.00001,3.266136
1.625,4.147532
1.118,1.2302827
1.102,1.4224325
0.742,0.53769463
1.032,1.1287434
1.721,1.7640872
1.32,1.3582059
1.663,1.6559657
1.073,1.193007
1.079,1.0126404
0.946,1.0442429
0.661,1.1926364
1.582,1.5639303
0.958,1.044579
1.17,1.0132002
1.709,1.852939
0.929,1.1675943
1.625,1.5259302
1.938,1.6204647
1.346,1.2860641
1.231,0.7533963
1.157,1.5065287
0.835,1.0730554
0.622,0.51120704
0.744,0.8602728
1.801,1.5820099
1.958,2.2859318
5.00001,4.630559
1.443,1.423123
1.254,0.7684433
0.808,0.95403117
0.659,0.87550235
1.579,1.8079425
5.00001,2.7777836
1.808,2.272651
2.362,2.7817109
1.03,1.1685141
2.169,1.8248981
3.833,3.0305386
5.00001,2.3261127
0.835,0.98470783
2.144,2.0309434
1.0,1.1156651
0.788,0.79108137
0.976,1.3140358
1.784,2.2981827
2.871,3.2300205
2.701,3.4033887
1.855,2.1889908
0.906,1.2822375
2.136,1.7803394
1.243,1.0797638
2.05,1.1407776
2.567,2.5548782
3.927,4.4086757
1.333,1.2093939
1.871,1.6218947
2.554,3.1172974
3.474,2.8748684
1.717,1.6906799
1.125,2.0601344
0.826,0.93950945
0.486,0.54725003
1.341,2.3966548
2.258,1.9633331
5.00001,4.5690756
4.7,4.231533
2.258,2.4646392
1.58,1.8605858
1.171,1.160608
4.163,4.020945
1.208,1.3157535
2.263,2.3654099
1.222,1.3530169
1.0,1.0299615
2.295,2.322127
1.958,0.8845141
0.85,1.4138701
2.647,2.1694212
4.555,4.5068846
1.76,1.6674843
0.811,1.0676261
1.664,1.9814698
0.826,0.9515301
2.722,2.486256
2.711,2.9655218
2.394,2.6095
1.718,2.0326536
1.218,0.8133357
1.736,1.7389691
2.393,2.6588466
0.588,0.66959304
2.875,2.9106553
0.707,1.296283
1.817,1.8453592
1.137,1.1414095
2.241,2.3959844
3.513,4.0047083
3.013,2.8859022
0.807,1.6468227
1.526,1.5121536
2.374,2.5503836
1.794,1.7954043
5.00001,4.731713
1.702,2.0938275
1.653,1.4464995
2.259,2.815564
1.597,1.3678209
3.635,3.9999256
1.321,1.3531557
3.768,3.3821328
0.969,1.0135365
3.162,3.9652588
3.238,3.2654705
3.875,3.9446113
1.491,1.5372835
5.00001,5.2336636
2.25,1.5173904
1.788,2.0554423
0.875,1.1457919
1.301,1.0679018
5.00001,4.3845606
3.49,2.9544485
0.73,0.8538115
2.447,2.4250774
2.754,2.2928925
2.462,2.7760496
2.362,1.7106535
2.322,3.0219824
0.533,0.44667095
1.631,1.1112288
0.724,1.0889262
2.345,1.9752771
1.5,1.8287388
1.161,1.6625701
1.813,1.828463
1.21,1.7544389
0.887,1.0226924
1.825,1.8680382
1.974,2.2764413
1.281,1.3442549
0.765,0.9736329
3.0,3.1406443
5.00001,4.8085766
1.603,1.6177428
3.356,3.619378
1.576,1.63858
1.906,2.542828
1.808,1.7702184
1.042,0.9995315
1.118,1.4137614
1.941,1.8587136
2.538,3.476105
1.295,2.283511
1.176,1.4667162
3.398,4.0040503
3.429,2.9503036
1.955,1.9494549
0.838,0.77167416
0.942,1.1083758
1.406,1.3023156
1.609,2.5659728
1.693,1.9335505
2.759,2.4781594
1.462,1.46368
2.023,1.8277793
1.54,1.2620072
1.355,1.4280074
2.359,2.50386
1.288,1.2091745
2.496,2.0398488
3.0,2.7381852
1.341,1.5671978
3.086,3.3320415
3.5,3.108685
1.108,1.3505945
1.908,2.0449455
1.088,0.9395171
1.444,1.3943653
1.629,1.50029
1.639,1.7838602
0.98,0.8067165
1.327,1.3866657
2.831,2.4812694
4.072,3.647743
2.482,2.740528
0.645,0.97645074
5.00001,3.3339064
1.944,2.9297407
1.375,1.9226495
1.273,1.2905979
0.853,1.1848013
1.949,1.8452795
2.211,2.2985425
1.922,1.8583447
4.045,2.9939485
0.735,0.8342121
2.337,2.0085642
1.188,1.0272162
0.7,1.2829549
1.828,1.6306946
5.00001,4.4108095
1.577,2.2895439
2.479,2.810435
5.00001,4.2623854
3.579,2.8453114
0.569,0.5772528
3.024,3.4521668
1.254,1.3780547
3.864,2.5413978
1.756,1.657866
1.105,1.1871661
3.867,4.8492427
1.375,1.6919105
2.287,2.6370282
1.494,1.8912858
0.737,0.93221563
5.00001,3.471083
1.321,1.3079467
0.865,1.1317198
4.179,3.488211
1.726,1.4728652
0.997,0.829685
0.725,1.4068145
1.808,2.1095917
3.084,2.5423877
2.883,3.1934445
3.022,2.703125
2.888,3.8894565
1.0,1.3578768
2.33,2.216841
1.369,1.5744518
2.094,2.6359122
2.466,2.7518923
0.652,1.593481
4.912,3.5153165
3.567,3.4245076
1.643,2.1164846
0.882,1.073434
1.559,1.3397393
1.917,1.8578068
0.844,1.465088
1.901,2.5799098
1.125,0.7383401
1.152,1.7537438
1.746,1.8093686
1.135,1.4132519
1.524,2.0610158
2.503,2.2563977
1.837,1.848292
5.00001,2.532912
3.109,3.0520165
2.306,1.8747153
0.685,1.3299072
2.674,2.7911198
1.453,1.6725703
2.82,2.8950717
2.821,1.4604703
1.898,2.0455832
2.544,2.5290182
1.617,1.7370744
1.888,1.8414434
5.00001,3.522463
0.944,0.852263
3.428,2.6606357
1.915,2.7406304
2.096,2.3435314
2.35,2.1811562
2.314,3.492319
1.302,1.8172894
2.082,2.0473802
5.00001,5.1667485
1.686,2.0562787
2.281,2.0920787
1.269,1.7376876
1.355,1.4326078
1.567,1.8917112
2.086,1.9742515
4.367,2.3062642
0.71,0.6924584
0.888,0.87596804
3.416,3.4056091
1.202,1.0786369
1.482,1.4175806
5.00001,4.1858115
3.75,2.4848785
1.375,1.438957
0.648,0.7008976
2.318,2.383212
1.607,1.8303002
2.51,2.337773
1.425,1.725905
1.765,1.8058287
1.771,2.466111
3.118,3.462449
0.846,1.2165608
1.226,1.0080547
1.982,2.0540137
5.0,3.6532443
2.798,3.2107525
1.95,2.102064
2.028,1.6133766
3.541,3.2102985
2.595,2.7083766
5.00001,3.134528
2.724,2.7677345
1.839,1.7178637
2.858,2.2910075
2.25,2.1899028
2.926,2.4677157
0.552,0.3077092
2.62,2.0005834
1.589,1.6409242
1.721,2.198042
1.917,2.039494
2.25,2.2970684
1.083,1.2898644
1.136,1.0627763
1.0,1.2488652
1.917,1.5890225
1.172,1.0209036
1.106,0.8976708
0.802,0.9933351
0.981,1.6971383
2.538,2.3573084
0.481,0.43741018
1.928,1.7117773
1.328,1.0059346
1.963,1.7913888
3.208,2.743852
3.194,3.513162
2.037,2.8000705
2.071,2.6123667
0.799,0.79365516
5.00001,3.716619
3.3,1.9345971
1.39,1.4754164
1.875,1.8779851
4.483,3.1176836
1.763,1.9149227
1.759,1.1314739
1.042,1.4557104
1.622,1.8064187
1.668,1.7766956
1.612,1.4193257
1.531,1.7654028
1.569,0.8656629
1.581,1.6619438
0.769,0.9416629
1.654,1.6884612
0.735,1.558617
1.184,1.2962533
1.424,1.6838706
2.803,2.7564437
1.072,1.3670038
1.833,1.8622131
0.988,0.6456462
2.345,1.9575027
1.435,1.7330238
1.08,1.7585286
0.978,0.40257636
0.705,0.82408804
2.259,1.6214697
2.398,2.4795647
1.364,1.5666294
1.806,1.6565487
2.396,2.267453
2.657,2.7969785
2.042,1.9800289
1.225,1.907983
2.04,2.820607
1.953,1.9646257
2.158,2.048246
5.00001,4.585561
0.758,0.76828355
2.654,3.3036692
2.737,3.7282336
1.164,1.4434335
0.594,0.6810107
1.37,1.1900426
1.192,0.7412634
2.442,2.738229
1.7,1.7955862
2.803,3.9187894
2.85,3.0532038
1.026,1.4496682
1.205,1.044783
3.616,4.4958725
4.553,4.299164
2.134,2.4446058
1.58,2.1852193
2.17,1.9757172
0.637,0.5827921
2.443,3.1024964
1.511,1.9152267
1.108,1.0704212
4.338,4.450615
0.729,0.88705844
1.085,1.5215869
4.526,4.1854014
4.676,4.3434634
2.633,2.0988052
2.668,1.7539837
5.00001,4.7117515
0.723,0.88414407
1.515,1.742257
